Source	Target	Role
HCM 1485	a certain shop, formerly belonging to Richard le tailour de Lugwardin	Other
HCM 1736	Acle	Nominative
HCM 608	a field called la Reye	Other
HCM 2593	Alberburi	Other
HCM 623	Albriton	Nominative
HCM 1417	Almalia	Nominative
HCM 2872	Annaghdown (Enachdunensis)	Nominative
HCM 186	Aqua Blanca	Nominative
HCM 2072	Aqua Blanca	Nominative
HCM 2463	Aqua Blanca	Nominative
HCM 2870	Aqua Blanca	Nominative
HCM 2871	Aqua Blanca	Nominative
HCM 758	Aqua Blanca	Nominative
HCM 1439	Aran	Nominative
HCM 1441	Aran	Nominative
HCM 1442	Aran	Nominative
HCM 2871	Aran Valley	Other
HCM 1504	Arleye	Given at
HCM 1485	Aschtun	Nominative
HCM 593	Atenassces	Other
HCM 1780	Avene	Nominative
HCM 1443	Avignon	Given at
HCM 2995	Avignon	Given at
HCM 1485	Aylineston	Nominative
HCM 412	Aylineston	Nominative
HCM 2586	Aylineston	Nominative
HCM 1368	Badelesmere	Nominative
HCM 678	Badesshawe	Nominative
HCM 589	Banwelle	Nominative
HCM 1439	Barewe	Nominative
HCM 1851	Barewe	Nominative
HCM 218	Barewe	Nominative
HCM 2665	Barewe	Nominative
HCM 2464	Barwe	Nominative
HCM 2667	Barwe	Nominative
HCM 2673	Barwe	Nominative
HCM 2874	Barwe	Nominative
HCM 3198	Baysham	Other
HCM 593	Baysham	Nominative
HCM 1736	Bekynham	Nominative
HCM 2871	Belves	Nominative
HCM 181	Bere	Nominative
HCM 1931	Berewyk’ sur Twede	Other
HCM 1443	Bergamo	Nominative
HCM 1443	Bergamo	Other
HCM 758	Berkeley	Nominative
HCM 3155	Bermundeseye	Given at
HCM 2880	Berton	Other
HCM 153	Bertonestrete	Other
HCM 207	Bewnal	Other
HCM 219	Bihyndewalle	Other
HCM 589	Bleegh(?)	Nominative
HCM 2595	Bliburg	Nominative
HCM 623	Blitheslowe	Nominative
HCM 1281	Bole	Nominative
HCM 3001	Boleye	Nominative
HCM 3001	Bolyngehope	Nominative
HCM 1441	Bordeaux	Given at
HCM 1005	Bos	Given at
HCM 1049	Bosebur	Given at
HCM 1063	Bosebur	Given at
HCM 1065	Bosebur	Other
HCM 1507 C	Bosebur	Given at
HCM 1931	Bosebur	Given at
HCM 1975	Bosebur	Given at
HCM 2151	Bosebur	Given at
HCM 2257	Bosebur	Given at
HCM 2878	Bosebur	Given at
HCM 670	Boyfelde	Nominative
HCM 608	Braumford'	Nominative
HCM 609	Braumford'	Nominative
HCM 2873	Braunfort	Nominative
HCM 1929	Breghenok	Nominative
HCM 1169	Brehousa	Other
HCM 2096	Brehousa	Nominative
HCM 1311	Brember	Nominative
HCM 1313	Brember	Nominative
HCM 1438	Breosa	Nominative
HCM 1417	Breusa	Nominative
HCM 1311	Brewos'	Nominative
HCM 1313	Brewosia	Nominative
HCM 2093	Breynton	Nominative
HCM 218	Breynton	Nominative
HCM 608	Breynton	Other
HCM 700	Breynton	Nominative
HCM 1610	Bristoll	Nominative
HCM 201	Bristoll	Nominative
HCM 2873	Bristoll	Nominative
HCM 1489	Brocwardin	Nominative
HCM 1975	Brocwardin	Nominative
HCM 352	Bromesberuwe	Other
HCM 2145	Bromfeld	Given at
HCM 2145	Bromfeld	Nominative
HCM 2667	Bromfeld	Nominative
HCM 2719	Bromfeld	Nominative
HCM 564	Brompton	Nominative
HCM 564	Brompton	Other
HCM 1025	Bromyard	Other
HCM 678	Broumia	Nominative
HCM 755	Breynton	Other
HCM 2673	Bruera	Nominative
HCM 758	Brugge	Nominative
HCM 218	Bruneshope	Nominative
HCM 405	Bruneshope	Nominative
HCM 608	Bruneshope	Nominative
HCM 1489	Brunsope	Nominative
HCM 2873	Brunsope	Nominative
HCM 609	Brunsope	Nominative
HCM 174	Brutone strete	Other
HCM 186	Bruttonestrete	Other
HCM 2093	Buesham	Nominative
HCM 1736	Bulleye	Nominative
HCM 1736	Bulleye	Other
HCM 2260	Bureford	Nominative
HCM 2145	Buterleye	Nominative
HCM 1929	Byford’	Nominative
HCM 2059	Byhindethewalle	Other
HCM 2874	Byhindethewalle	Other
HCM 623	Bykenor	Nominative
HCM 608	Byritone	Nominative
HCM 608	Byrytone	Nominative
HCM 1503	Cadwely	Nominative
HCM 680	Calewe	Nominative
HCM 1417	Canterbury	Nominative
HCM 1503	Canterbury	Nominative
HCM 1599	Canterbury	Nominative
HCM 1599	Canterbury	Other
HCM 1780	Canterbury	Nominative
HCM 2260	Canterbury	Nominative
HCM 2871	Canterbury	Nominative
HCM 3001	Canterbury	Nominative
HCM 3155	Canterbury	Other
HCM 758	Canterbury	Nominative
HCM 1438	Cantilupo	Nominative
HCM 1439	Cantilupo	Nominative
HCM 1441	Cantilupo	Nominative
HCM 2673	Cantilupo	Nominative
HCM 1443	Cantulupo	Nominative
HCM 1438	Caple	Nominative
HCM 2596	Caple	Nominative
HCM 2257	Carlisle	Other
HCM 1506	Castrum lupi	Other
HCM 758	Catfeld	Nominative
HCM 2093	cathedral church of Hereford	Other
HCM 3155	cathedral church of Hereford	Other
HCM 661	cathedral church of Hereford	Other
HCM 1652	Cestr'	Nominative
HCM 1834	chapter-house	Other
HCM 3165	chapter-house of the cathedral church of Hereford.	Other
HCM 1975	Cherlton	Nominative
HCM 1035	Cherring	Other
HCM 2159	Chichester	Nominative
HCM 2226	Chirebury	Given at
HCM 2463	church of Bayshan	Other
HCM 1441	church of Hereford	Other
HCM 1974	church of Hereford	Other
HCM 2159	church of Hereford	Other
HCM 2246	church of Hereford	Other
HCM 2715	church of Hereford	Other
HCM 2748	church of Hereford	Other
HCM 2715	church of Lugwardin	Other
HCM 181	church of Ros	Other
HCM 201	church of St. Nicholas	Other
HCM 2879	Chyrchebroynton	Other
HCM 1752	Cirescestre	Nominative
HCM 181	city of Hereford	Other
HCM 946	Clehonger	Nominative
HCM 946	Clehonger	Other
HCM 201	Clehungre	Nominative
HCM 2720	Clere	Nominative
HCM 670	Clewaresfelde	Other
HCM 1657	Clifford	Nominative
HCM 670	Clyntone	Nominative
HCM 2720	co. Hereford	Other
HCM 1247	Colcham	Other
HCM 1439	Comminges	Nominative
HCM 1441	Comminges	Nominative
HCM 1442	Comminges	Nominative
HCM 2871	Comminges	Nominative
HCM 1975	Copesleye	Other
HCM 1836	Corston	Nominative
HCM 1836	Corston	Other
HCM 2668	Cotinton	Nominative
HCM 2670	Cotinton	Nominative
HCM 2671	Cotinton	Nominative
HCM 2718	Cotinton	Nominative
HCM 3162	Coventry	Other
HCM 755	Credeleye	Other
HCM 1918	crose	Nominative
HCM 1485	cruce,	Nominative
HCM 1679	Cubberleye	Other
HCM 1622	Culn’ Roger'	Other
HCM 1746	Cuthbristl'	Other
HCM 1975	Dan	Nominative
HCM 1505	de la Boxe	Nominative
HCM 1247	de le Halle	Nominative
HCM 1505	de Monem',	Nominative
HCM 2159	Dene	Nominative
HCM 1599	Derby,	Nominative
HCM 681	Deuswalle	Other
HCM 681	Deusweschirche	Other
HCM 678	Deweswalle	Other
HCM 680	Deweswalle	Given at
HCM 680	Deweswalle	Other
HCM 1703	ditch	Other
HCM 2260	Donecastr’	Nominative
HCM 1836	Dudelebury	Given at
HCM 1836	Dudelebury	Nominative
HCM 1836	Dudelebury	Other
HCM 2145	Dudelebury	Other
HCM 2593	Dudelebury	Other
HCM 2875	Dudelebury	Nominative
HCM 196	Dudeleye	Nominative
HCM 2226	Dunre	Nominative
HCM 670	Elmore	Other
HCM 1442	England	Nominative
HCM 1442	England	Other
HCM 1443	England	Other
HCM 2096	England	Nominative
HCM 2597	England	Other
HCM 2598	England	Other
HCM 2599	England	Other
HCM 2600	England	Other
HCM 2674	England	Nominative
HCM 2717	England	Other
HCM 2721	England	Other
HCM 2722	England	Other
HCM 2723	England	Other
HCM 2873	Ereyntonia	Nominative
HCM 1751	Estenouere	Nominative
HCM 1918	Estenouere	Nominative
HCM 1751	Estenoveresfeld	Other
HCM 1367	Evesham	Given at
HCM 2717	Evesham	Other
HCM 2879	five acres of arable land	Other
HCM 3162	Flanders	Other
HCM 1930	Florence	Nominative
HCM 2674	Florence	Nominative
HCM 2665	Foston'	Nominative
HCM 2096	Fouleslough	Other
HCM 593	Fowehop	Given at
HCM 593	Fowehop	Other
HCM 1658	Freinelode	Other
HCM 2674	Friscobald'	Nominative
HCM 2464	Galuerhull	Nominative
HCM 2871	Gardino	Nominative
HCM 1169	Garlecroft	Other
HCM 2096	Garlecroft	Other
HCM 2876	Gerlecroftes	Other
HCM 2463	Given in the chapter-house at Hereford	Given at
HCM 2464	Given in the chapter-house at Hereford	Given at
HCM 1438	Glouc'	Nominative
HCM 1581	Gloucester	Other
HCM 1599	Gloucester	Other
HCM 1610	Gloucester	Given at
HCM 1610	Gloucester	Nominative
HCM 1621	Gloucester	Nominative
HCM 1621	Gloucester	Other
HCM 1622	Gloucester	Given at
HCM 1622	Gloucester	Other
HCM 1652	Gloucester	Other
HCM 1657	Gloucester	Other
HCM 1658	Gloucester	Other
HCM 1679	Gloucester	Other
HCM 1682	Gloucester	Given at
HCM 1682	Gloucester	Other
HCM 1683	Gloucester	Given at
HCM 1683	Gloucester	Other
HCM 1746	Gloucester	Other
HCM 2217	Gloucester	Given at
HCM 2217	Gloucester	Nominative
HCM 3155	Gloucester	Other
HCM 1621	Gloucestershire	Nominative
HCM 2059	Gloucestr'	Nominative
HCM 2251	Gloucestr'	Nominative
HCM 2596	Gloucestr'	Nominative
HCM 2874	Gloucestr'	Nominative
HCM 758	Gloucestr'	Nominative
HCM 3215 A	Goodrich Castell’	Given at
HCM 3215 A	Goodrich Castell’	Other
HCM 1169	Gorewalle	Other
HCM 2096	Gorewalle	Nominative
HCM 1703	Gosenordesbrok	Other
HCM 1311	Gower	Nominative
HCM 1313	Gower	Nominative
HCM 1523	Gower	Other
HCM 1768	Gower	Nominative
HCM 1768	Gower	Other
HCM 174	green way (viridam viam) of the king	Other
HCM 680	Grene	Nominative
HCM 680	Grene	Other
HCM 1443	Gynes	Nominative
HCM 670	Gyse	Nominative
HCM 2996	Gyues	Nominative
HCM 1851	Halstede	Nominative
HCM 2145	Halton	Nominative
HCM 2870	Hamenays	Nominative
HCM 670	Harsecumb	Nominative
HCM 608	Hathyotiscroft	Other
HCM 1581	HCM	Other
HCM 2721	HCM	Other
HCM 432	HCM	Other
HCM 1504	he Court of Arches	Other
HCM 1368	Heiebur' near London	Given at
HCM 1736	Hengham	Nominative
HCM 181	Henle	Nominative
HCM 1848	Henle	Nominative
HCM 755	Henle	Nominative
HCM 2666	henor';	Nominative
HCM 2583	Henouere	Given at
HCM 2583	Henouere	Nominative
HCM 2584	Henouere	Given at
HCM 2584	Henouere	Nominative
HCM 2589	Henouere	Nominative
HCM 2463	Henthlan.	Nominative
HCM 700	Herdemon	Nominative
HCM 589	Herdewyk	Given at
HCM 1003	Hereford	Given at
HCM 1003	Hereford	Nominative
HCM 1005	Hereford	Other
HCM 1023	Hereford	Given at
HCM 1023	Hereford	Other
HCM 1024	Hereford	Given at
HCM 1024	Hereford	Other
HCM 1025	Hereford	Given at
HCM 1025	Hereford	Other
HCM 1035	Hereford	Other
HCM 1049	Hereford	Other
HCM 1059	Hereford	Other
HCM 1063	Hereford	Other
HCM 1065	Hereford	Other
HCM 1077	Hereford	Other
HCM 1169	Hereford	Other
HCM 119	Hereford	Given at
HCM 119	Hereford	Other
HCM 1264	Hereford	Given at
HCM 1264	Hereford	Nominative
HCM 1264	Hereford	Other
HCM 1265	Hereford	Given at
HCM 1265	Hereford	Other
HCM 1281	Hereford	Given at
HCM 1281	Hereford	Other
HCM 1366	Hereford	Other
HCM 1367	Hereford	Nominative
HCM 1368	Hereford	Nominative
HCM 1368	Hereford	Other
HCM 1417	Hereford	Nominative
HCM 1417	Hereford	Other
HCM 1438	Hereford	Given at
HCM 1438	Hereford	Nominative
HCM 1438	Hereford	Other
HCM 1439	Hereford	Nominative
HCM 1441	Hereford	Nominative
HCM 1441	Hereford	Other
HCM 1442	Hereford	Other
HCM 1443	Hereford	Nominative
HCM 1443	Hereford	Other
HCM 1485	Hereford	Given at
HCM 1485	Hereford	Nominative
HCM 1489	Hereford	Given at
HCM 1489	Hereford	Nominative
HCM 1507 C	Hereford	Other
HCM 150	Hereford	Nominative
HCM 150	Hereford	Other
HCM 153	Hereford	Nominative
HCM 153	Hereford	Other
HCM 1736	Hereford	Nominative
HCM 1752	Hereford	Given at
HCM 1752	Hereford	Nominative
HCM 1752	Hereford	Other
HCM 1834	Hereford	Nominative
HCM 1836	Hereford	Nominative
HCM 1848	Hereford	Nominative
HCM 1848	Hereford	Other
HCM 1851	Hereford	Nominative
HCM 1854	Hereford	Nominative
HCM 1929	Hereford	Nominative
HCM 1930	Hereford	Nominative
HCM 1931	Hereford	Nominative
HCM 1931	Hereford	Other
HCM 196	Hereford	Given at
HCM 1974	Hereford	Nominative
HCM 1974	Hereford	Other
HCM 1975	Hereford	Nominative
HCM 1975	Hereford	Other
HCM 201	Hereford	Other
HCM 203	Hereford	Given at
HCM 203	Hereford	Other
HCM 2059	Hereford	Given at
HCM 2059	Hereford	Nominative
HCM 2072	Hereford	Given at
HCM 2072	Hereford	Nominative
HCM 2072	Hereford	Other
HCM 207	Hereford	Given at
HCM 207	Hereford	Other
HCM 2093	Hereford	Given at
HCM 2093	Hereford	Nominative
HCM 2093	Hereford	Other
HCM 2096	Hereford	Given at
HCM 2096	Hereford	Nominative
HCM 2096	Hereford	Other
HCM 209	Hereford	Given at
HCM 209	Hereford	Other
HCM 2145	Hereford	Nominative
HCM 2151	Hereford	Nominative
HCM 2159	Hereford	Given at
HCM 2159	Hereford	Nominative
HCM 218	Hereford	Given at
HCM 218	Hereford	Nominative
HCM 218	Hereford	Other
HCM 219	Hereford	Other
HCM 2246	Hereford	Nominative
HCM 2251	Hereford	Nominative
HCM 2251	Hereford	Other
HCM 2257	Hereford	Nominative
HCM 2260	Hereford	Nominative
HCM 2463	Hereford	Other
HCM 2464	Hereford	Other
HCM 2505	Hereford	Other
HCM 2537	Hereford	Given at
HCM 2576	Hereford	Other
HCM 2579	Hereford	Other
HCM 2580	Hereford	Given at
HCM 2580	Hereford	Other
HCM 2581	Hereford	Other
HCM 2583	Hereford	Other
HCM 2584	Hereford	Other
HCM 2585	Hereford	Given at
HCM 2585	Hereford	Other
HCM 2586	Hereford	Given at
HCM 2586	Hereford	Other
HCM 2588	Hereford	Other
HCM 2591	Hereford	Other
HCM 2592	Hereford	Given at
HCM 2594	Hereford	Given at
HCM 2594	Hereford	Other
HCM 2595	Hereford	Other
HCM 2596	Hereford	Given at
HCM 2596	Hereford	Other
HCM 2597	Hereford	Other
HCM 2598	Hereford	Other
HCM 2599	Hereford	Other
HCM 2600	Hereford	Other
HCM 2601	Hereford	Given at
HCM 2601	Hereford	Other
HCM 2663	Hereford	Other
HCM 2664	Hereford	Given at
HCM 2664	Hereford	Other
HCM 2665	Hereford	Nominative
HCM 2666	Hereford	Given at
HCM 2666	Hereford	Nominative
HCM 2667	Hereford	Other
HCM 2668	Hereford	Given at
HCM 2668	Hereford	Nominative
HCM 2669	Hereford	Given at
HCM 2669	Hereford	Nominative
HCM 2670	Hereford	Given at
HCM 2670	Hereford	Nominative
HCM 2671	Hereford	Given at
HCM 2671	Hereford	Nominative
HCM 2672	Hereford	Given at
HCM 2672	Hereford	Nominative
HCM 2673	Hereford	Nominative
HCM 2674	Hereford	Nominative
HCM 2675	Hereford	Given at
HCM 2675	Hereford	Other
HCM 2676	Hereford	Given at
HCM 2712	Hereford	Given at
HCM 2713	Hereford	Given at
HCM 2715	Hereford	Given at
HCM 2716	Hereford	Other
HCM 2718	Hereford	Given at
HCM 2718	Hereford	Other
HCM 2719	Hereford	Given at
HCM 2719	Hereford	Other
HCM 2720	Hereford	Given at
HCM 2720	Hereford	Other
HCM 2721	Hereford	Other
HCM 2722	Hereford	Other
HCM 2723	Hereford	Other
HCM 2748	Hereford	Given at
HCM 2748	Hereford	Other
HCM 2749	Hereford	Given at
HCM 2750	Hereford	Other
HCM 2751	Hereford	Given at
HCM 2751	Hereford	Other
HCM 2779	Hereford	Given at
HCM 2779	Hereford	Other
HCM 2870	Hereford	Given at
HCM 2870	Hereford	Other
HCM 2871	Hereford	Nominative
HCM 2872	Hereford	Nominative
HCM 2872	Hereford	Other
HCM 2873	Hereford	Nominative
HCM 2873	Hereford	Other
HCM 2874	Hereford	Given at
HCM 2874	Hereford	Nominative
HCM 2874	Hereford	Other
HCM 2875	Hereford	Given at
HCM 2875	Hereford	Nominative
HCM 2876	Hereford	Other
HCM 2877	Hereford	Other
HCM 2878	Hereford	Nominative
HCM 2878	Hereford	Other
HCM 2879	Hereford	Given at
HCM 2879	Hereford	Other
HCM 2880	Hereford	Other
HCM 290	Hereford	Given at
HCM 2947.G	Hereford	Other
HCM 2995	Hereford	Nominative
HCM 2996	Hereford	Other
HCM 3001	Hereford	Nominative
HCM 3001	Hereford	Other
HCM 3008	Hereford	Other
HCM 3155	Hereford	Other
HCM 3162	Hereford	Other
HCM 3165	Hereford	Other
HCM 3180	Hereford	Given at
HCM 3180	Hereford	Other
HCM 3198	Hereford	Given at
HCM 3198	Hereford	Other
HCM 352	Hereford	Other
HCM 405	Hereford	Given at
HCM 405	Hereford	Other
HCM 412	Hereford	Given at
HCM 412	Hereford	Other
HCM 432	Hereford	Other
HCM 469	Hereford	Other
HCM 597	Hereford	Nominative
HCM 608	Hereford	Given at
HCM 608	Hereford	Nominative
HCM 609	Hereford	Given at
HCM 623	Hereford	Other
HCM 63	Hereford	Given at
HCM 63	Hereford	Other
HCM 661	Hereford	Given at
HCM 661	Hereford	Other
HCM 681	Hereford	Given at
HCM 700	Hereford	Given at
HCM 700	Hereford	Other
HCM 715	Hereford	Other
HCM 746	Hereford	Other
HCM 755	Hereford	Given at
HCM 755	Hereford	Other
HCM 758	Hereford	Nominative
HCM 758	Hereford	Other
HCM 773	Hereford	Given at
HCM 773	Hereford	Nominative
HCM 773	Hereford	Other
HCM 90	Hereford	Given at
HCM 90	Hereford	Other
HCM 946	Hereford	Given at
HCM 946	Hereford	Nominative
HCM 773	Hereford beyond the Wye	Other
HCM 3001	Hereford cathedral	Other
HCM 559	Heye	Nominative
HCM 196	high street	Other
HCM 746	high street near the church of St. Peter	Other
HCM 186	highway	Other
HCM 1621	Hingham	Nominative
HCM 593	Ho'tone	Nominative
HCM 1264	Hoggesshawe	Nominative
HCM 1265	Hoggesshawe	Nominative
HCM 1281	Hoggesshawe	Nominative
HCM 559	Holeford	Nominative
HCM 2151	Holemare	Other
HCM 2717	Holy Land	Other
HCM 1247	Homptone	Given at
HCM 1247	Homptone	Nominative
HCM 1247	Homptone	Other
HCM 1975	Homptone	Nominative
HCM 1975	Homptone	Other
HCM 174	Hope	Nominative
HCM 1658a	hospital of St. Catherine	Other
HCM 2880	houses	Other
HCM 2779	Hundertone	Other
HCM 119	Hungr	Other
HCM 1621	Hunteleye	Nominative
HCM 3180	Hynnetone	Other
HCM 1311	Ia Bere	Nominative
HCM 559	Inggefeld	Other
HCM 209	Ipr	Nominative
HCM 2597	Ireland	Other
HCM 2598	Ireland	Other
HCM 2599	Ireland	Other
HCM 2600	Ireland	Other
HCM 2717	Ireland	Other
HCM 2721	Ireland	Other
HCM 2722	Ireland	Other
HCM 2723	Ireland	Other
HCM 1505	Kedewelly	Nominative
HCM 1505	Kedewelly	Other
HCM 1504	Kedwell	Nominative
HCM 1506	Kedwely	Other
HCM 1768	Kelthiuleag' and Penuedou in Gower	Other
HCM 1005	Kemeseye	Nominative
HCM 2159	Kemeseye	Nominative
HCM 608	Kemesinge	Nominative
HCM 608	Kemesynge	Nominative
HCM 1504	Kermerdyn	Other
HCM 1505	Kermerdyn	Given at
HCM 1505	Kermerdyn	Nominative
HCM 1505	Kermerdyn	Other
HCM 1506	Kermerdyn	Other
HCM 2217	Keyrlyon	Nominative
HCM 758	Knapeton'	Nominative
HCM 700	Knyhtemorefeld	Other
HCM 1523	Kylthyuleaug	Other
HCM 1417	Kyngescote	Nominative
HCM 1169	Kyngeston	Nominative
HCM 2996	la Bache	Nominative
HCM 1264	la Barewe	Nominative
HCM 1265	la Barewe	Nominative
HCM 1281	la Barewe	Nominative
HCM 2669	la Barewe	Nominative
HCM 608	la Barewe	Nominative
HCM 1489	la Barewe	Nominative
HCM 174	la Barewe	Nominative
HCM 1974	la Barewe	Nominative
HCM 2874	la Barewe	Nominative
HCM 608	la Berne	Nominative
HCM 181	la Borcote	Nominative
HCM 1503	la Boxe	Nominative
HCM 2072	la Doune	Nominative
HCM 1247	la Felde	Nominative
HCM 608	la Felde	Nominative
HCM 2096	La haye	Nominative
HCM 608	la Hulle	Nominative
HCM 196	la Lastres	Nominative
HCM 946	la lowe	Nominative
HCM 1768	La Mar’	Nominative
HCM 589	la More	Nominative
HCM 1504	Landesteffan	Nominative
HCM 1505	Landesteffan	Other
HCM 150	land formerly of Cecilia de Badesshawe	Other
HCM 150	land formerly of Luke de Bergeueni,	Other
HCM 201	land of David de Rotherwas	Other
HCM 196	land of dominus Hugh the wheel-wright	Other
HCM 201	land of dominus Walter Oghwelman	Other
HCM 196	land of grantor	Other
HCM 63	land of John de Kemeseye	Other
HCM 174	land of John de la Barwe	Other
HCM 186	land of John le Chapmon	Other
HCM 119	land of John le Werour	Other
HCM 174	land of John le Werour	Other
HCM 186	land of John le Werour	Other
HCM 2876	land of John Pride	Other
HCM 186	land of Nicholas le Barbour	Other
HCM 2876	land of the grantee	Other
HCM 150	land of the parson of St. Nicholas in Hereford	Other
HCM 119	land of the said Hugh	Other
HCM 2876	land of the said Thomas	Other
HCM 2876	land of Thomas Thoubaud	Other
HCM 174	land of Walter the fisherman	Other
HCM 2260	Langele	Given at
HCM 623	Lank'	Given at
HCM 1506	Lanleweny	Other
HCM 1506	Lantefey	Other
HCM 1506	Lanteylau Vaur	Other
HCM 1169	Lanthon	Given at
HCM 2676	Lanthony Prima in Wales	Other
HCM 1264	Lanton	Nominative
HCM 1265	Lanton	Nominative
HCM 1281	Lanton	Nominative
HCM 946	la Oldehulle	Nominative
HCM 2151	la Pipe	Other
HCM 1918	la Pole	Nominative
HCM 2096	la Pounde	Nominative
HCM 2873	la Pounde	Nominative
HCM 1621	Lassindon’	Nominative
HCM 589	la Stepple	Nominative
HCM 2246	La Suze	Other
HCM 680	La Walle	Nominative
HCM 1918	la Wode	Nominative
HCM 1734	Ledbury	Given at
HCM 1734	Ledbury	Other
HCM 1918	Ledbury	Given at
HCM 1918	Ledbury	Other
HCM 287	Ledbury	Given at
HCM 352	Ledbury	Given at
HCM 1658a	Ledbury	Nominative
HCM 1734	Ledbury	Other
HCM 1751	Ledbury	Nominative
HCM 1751	Ledbury	Other
HCM 201	Ledbury	Nominative
HCM 2096	Ledbury	Nominative
HCM 209	Ledbury	Nominative
HCM 218	Ledbury	Nominative
HCM 290	Ledbury	Nominative
HCM 700	Ledbury	Nominative
HCM 290	Ledebury Forincec	Other
HCM 2093	Ledecote	Nominative
HCM 1247	le Hale	Nominative
HCM 1485	le Hale	Nominative
HCM 1751	le Longemor	Other
HCM 678	Lenhales	Nominative
HCM 3162	Lichfield	Other
HCM 1652	Lincoln	Given at
HCM 1834	Lincoln	Nominative
HCM 1851	Lincoln	Nominative
HCM 2597	Lincoln	Other
HCM 2598	Lincoln	Other
HCM 2599	Lincoln	Other
HCM 2600	Lincoln	Other
HCM 2717	Lincoln	Other
HCM 2721	Lincoln	Other
HCM 2722	Lincoln	Other
HCM 2723	Lincoln	Other
HCM 3155	Lincoln	Other
HCM 1780	Llandaff	Nominative
HCM 2159	Llandaff	Nominative
HCM 2217	Llandaff	Nominative
HCM 623	Llandaff	Given at
HCM 623	Llandaff	Other
HCM 1485	Lodelawe	Nominative
HCM 378	Lodelawe	Given at
HCM 1264	Logwardyn	Nominative
HCM 1265	Logwardyn	Nominative
HCM 1281	Logwardyn	Nominative
HCM 1035	London	Given at
HCM 1368	London	Other
HCM 1439	London	Given at
HCM 1441	London	Nominative
HCM 1442	London	Nominative
HCM 1442	London	Other
HCM 1503	London	Given at
HCM 1503	London	Nominative
HCM 1599	London	Given at
HCM 1658	London	Given at
HCM 1780	London	Given at
HCM 1834	London	Given at
HCM 1834	London	Nominative
HCM 1834	London	Other
HCM 1851	London	Nominative
HCM 1851	London	Other
HCM 2576	London	Given at
HCM 2579	London	Given at
HCM 2581	London	Given at
HCM 2595	London	Given at
HCM 2597	London	Given at
HCM 2597	London	Other
HCM 2598	London	Given at
HCM 2598	London	Other
HCM 2599	London	Given at
HCM 2599	London	Other
HCM 2600	London	Other
HCM 2667	London	Given at
HCM 2673	London	Given at
HCM 2714	London	Given at
HCM 2717	London	Other
HCM 2721	London	Given at
HCM 2721	London	Other
HCM 2722	London	Given at
HCM 2722	London	Other
HCM 2723	London	Given at
HCM 2723	London	Other
HCM 2871	London	Nominative
HCM 2871	London	Other
HCM 3162	London	Other
HCM 2151	Longastauton'	Other
HCM 383	Longedenesfeld	Other
HCM 1836	Longestaunton'	Nominative
HCM 1836	Longestaunton'	Other
HCM 2145	Longestaunton'	Other
HCM 2593	Longestaunton'	Other
HCM 1485	Lugwardin	Nominative
HCM 2672	Lugwardin	Nominative
HCM 385	Lutelhulfeld	Other
HCM 196	Luyde	Nominative
HCM 2159	Lydeneye	Other
HCM 2870	Lydeneye	Other
HCM 623	Lydeneye	Other
HCM 3162	Lyons	Other
HCM 1834	M'ndene	Nominative
HCM 1489	Maddeleye	Nominative
HCM 2096	Maddeleye	Nominative
HCM 2874	Maddeleye	Nominative
HCM 715	Maddeleye	Other
HCM 661	Magna Marcleye	Nominative
HCM 1851	Maldon’	Nominative
HCM 1506	manor at Castrum lupi	Other
HCM 593	Marlecroft	Other
HCM 1751	Mastinge	Other
HCM 1657	Masyntone	Nominative
HCM 2751	Meltone Mounbray	Nominative
HCM 1441	Mende	Nominative
HCM 1442	Mende	Nominative
HCM 1621	Menstr’ in island of Thanet	Given at
HCM 384	Middelfeld	Other
HCM 564	Middelfeld	Other
HCM 1503	Monemowe	Nominative
HCM 1506	Monmouth	Other
HCM 209	Moniton	Nominative
HCM 623	Monmouth	Nominative
HCM 1658	Montignac	Other
HCM 2059	Monyton	Nominative
HCM 2096	Monyton	Nominative
HCM 218	Monyton	Nominative
HCM 412	Monyton	Nominative
HCM 1169	Mora	Other
HCM 700	Mora	Nominative
HCM 1489	Mora Canonicorum	Other
HCM 670	Morcote	Nominative
HCM 385	Morehulfeld	Other
HCM 1313	Morgan	Given at
HCM 1929	Mortemer	Nominative
HCM 670	Munstreworthe	Nominative
HCM 623	Nasse	Nominative
HCM 559	Neucome	Nominative
HCM 378	Neuton	Other
HCM 383	Newent	Given at
HCM 2217	Newport (in novo burgo)	Other
HCM 1734	New Street	Other
HCM 2072	Nonnynton	Nominative
HCM 1417	Nortone	Nominative
HCM 2464	Nortone	Nominative
HCM 2464	Nortone	Other
HCM 2505	Nortone	Other
HCM 3180	Nortone	Other
HCM 1599	Norwich	Nominative
HCM 597	Oppton Episcopi	Nominative
HCM 1443	Orleton	Nominative
HCM 2871	Orlenton	Nominative
HCM 1752	Orleton	Nominative
HCM 207	Orleton	Nominative
HCM 2096	Orleton	Nominative
HCM 2716	Orleton	Nominative
HCM 2720	Orleton	Nominative
HCM 2779	Orleton	Nominative
HCM 700	Orleton	Nominative
HCM 773	Orleton	Nominative
HCM 1311	Ostrem	Given at
HCM 1311	Ostrem	Other
HCM 1529	Ostrem	Given at
HCM 1529	Ostrem	Other
HCM 755	Overebroynton	Other
HCM 1703	Overton	Nominative
HCM 383	Oxenhale	Other
HCM 384	Oxenhale	Other
HCM 385	Oxenhale	Other
HCM 386	Oxenhale	Other
HCM 1746	Parva Cuthbristleye	Other
HCM 758	Paston'	Nominative
HCM 1658	Pembroke	Other
HCM 1504	Penbray	Other
HCM 1505	Penbray	Other
HCM 3001	Penbrugge	Nominative
HCM 946	Penbrugge	Nominative
HCM 3198	Pencoyt	Other
HCM 1780	Penbrugge	Nominative
HCM 1311	Penres	Nominative
HCM 1313	Penres	Nominative
HCM 2870	Peter's pence	Other
HCM 593	Pirytone	Nominative
HCM 773	Poteston'	Nominative
HCM 405	Pounde	Nominative
HCM 2582	Preston	Other
HCM 1657	Pychenecombe	Other
HCM 1657	Pydesmore	Nominative
HCM 1752	Pyk	Other
HCM 1264	Pyon	Other
HCM 1281	Pyon	Other
HCM 1264	Pyon Canonicorum	Nominative
HCM 1264	Pyon Canonicorum	Other
HCM 1265	Pyon Canonicorum	Other
HCM 1281	Pyon Canonicorum	Nominative
HCM 1281	Pyon Canonicorum	Other
HCM 758	Raigate	Nominative
HCM 1780	rectory of Avene in the diocese of Llandaff	Other
HCM 174	Retherwas	Nominative
HCM 1752	Retherwas	Nominative
HCM 201	Retherwas	Nominative
HCM 2871	Reygate	Nominative
HCM 2872	Reygate	Nominative
HCM 2873	Reygate	Nominative
HCM 608	Reygate	Nominative
HCM 609	Reygate	Nominative
HCM 1311	Roilly	Nominative
HCM 1313	Roily,	Nominative
HCM 1443	Rome	Other
HCM 2996	Rome	Other
HCM 2059	Ros	Nominative
HCM 2159	Ros	Nominative
HCM 2995	Ros	Nominative
HCM 2996	Ros	Nominative
HCM 3001	Ros	Nominative
HCM 3008	Ros	Nominative
HCM 597	Ros	Nominative
HCM 758	Ros	Nominative
HCM 1169	Rushmarsh	Other
HCM 2096	Rushmarsh	Other
HCM 700	Ruyshemore	Other
HCM 559	Rydmarleye	Nominative
HCM 559	Rydmarleye de Albitot	Other
HCM 1621	Ryonnes	Nominative
HCM 90	Sadelwruyhtestre	Other
HCM 1505	Saint Ismael'	Nominative
HCM 608	Salhwelhulle	Other
HCM 1622	Salisbury (Nova Sarum)	Nominative
HCM 1368	Salop	Nominative
HCM 2593	Salop	Other
HCM 2995	Salop	Other
HCM 758	Salop	Nominative
HCM 661	Sancto Albano	Nominative
HCM 1754	Sancto Briavello	Nominative
HCM 2260	Sandale	Nominative
HCM 2072	Sandwyco	Nominative
HCM 1417	Schorn	Nominative
HCM 1443	Schorn	Nominative
HCM 2597	Scotland	Other
HCM 2598	Scotland	Other
HCM 2599	Scotland	Other
HCM 2717	Scotland	Other
HCM 2721	Scotland	Other
HCM 2722	Scotland	Other
HCM 2723	Scotland	Other
HCM 2600	Scotlend	Other
HCM 1313	Sengilton	Nominative
HCM 608	Seuenak'	Nominative
HCM 1752	Sevenok'	Nominative
HCM 2159	Shropshire	Nominative
HCM 2871	Sisiriaco	Nominative
HCM 2870	small commons	Other
HCM 196	Smalpors	Other
HCM 755	Smalthornesfeld	Other
HCM 589	Sned	Nominative
HCM 405	Somercete	Nominative
HCM 218	Somersete	Nominative
HCM 2873	Somersete	Nominative
HCM 1169	St. David's	Other
HCM 1503	St. David's	Nominative
HCM 1504	St. David's	Nominative
HCM 1505	St. David's	Nominative
HCM 1264	St. Ethelbert of Hereford	Other
HCM 1265	St. Ethelbert of Hereford	Other
HCM 1281	St. Ethelbert of Hereford	Other
HCM 432	St. Ethelbert of Hereford	Other
HCM 746	St. Ethelbert of Hereford	Other
HCM 946	St. Ethelbert of Hereford	Other
HCM 746	St. Nicholas	Other
HCM 2096	St. Nicholas (in vico Sancti Nicholi)	Other
HCM 1834	St. Paul's London	Other
HCM 1851	St. Paul's London	Other
HCM 2717	St. Paul's London	Given at
HCM 1657	St. Peter	Other
HCM 1658	St. Peter	Other
HCM 1679	St. Peter	Other
HCM 1682	St. Peter	Other
HCM 2675	St. Praxedes	Other
HCM 2871	St. Pudentiana	Other
HCM 1441	St. Sabine	Other
HCM 1657	Stanedichss	Given at
HCM 1682	Stanleye	Other
HCM 1683	Stanleye	Other
HCM 1682	Stanleye St. Leonards	Other
HCM 1683	Stanleye St. Leonards	Other
HCM 2464	Staunton	Nominative
HCM 559	Staunton	Given at
HCM 559	Staunton	Nominative
HCM 559	Stauntone juxta Cors	Nominative
HCM 2093	Stottesdon	Nominative
HCM 209	Straddel	Nominative
HCM 196	street of Wydemarsh' in the suburb of Hereford	Other
HCM 207	Stretton	Nominative
HCM 758	Stretton	Nominative
HCM 174	suburb of Hereford	Other
HCM 186	suburb of Hereford	Other
HCM 1059	Sugwas	Other
HCM 1918	Suht Ende	Other
HCM 1523	Swansea	Other
HCM 2159	Swenesfeld	Nominative
HCM 1313	Sweynes	Nominative
HCM 1523	Sweynes	Given at
HCM 1768	Sweynes	Given at
HCM 1768	Sweynes	Other
HCM 1003	Swynefeud	Nominative
HCM 1005	Swynefeud	Nominative
HCM 2093	Sydenhale	Nominative
HCM 181	tenement formerly belonging to Walter de la Borcote	Other
HCM 2871	Testa	Nominative
HCM 608	Teyntone	Nominative
HCM 1366	Thame	Given at
HCM 1848	Thanet’	Nominative
HCM 2072	Thansto,	Nominative
HCM 2593	the abbey of Wygemore	Given at
HCM 608	the aforesaid hay	Other
HCM 946	the almshouse of the same place;	Nominative
HCM 946	the almshouse which lies in the vill of Clehonger.	Other
HCM 2096	the altar of St. Mary on the south side of the said churc	Other
HCM 1313	the castle of Sweynes'	Other
HCM 1975	the cemetery of the cathedral church of Hereford	Other
HCM 2096	the chapel of St. Katherine the Virgin and Martyr of Hereford	Other
HCM 1581	the chapter-house at Gloucester	Other
HCM 1622	the chapter-house at Gloucester	Other
HCM 1682	the chapter-house at Gloucester	Other
HCM 1683	the chapter-house at Gloucester	Other
HCM 1746	the chapter-house at Gloucester	Other
HCM 181	the chapter-house at Hereford	Given at
HCM 186	the chapter-house at Hereford	Given at
HCM 2505	the chapter-house at Hereford	Given at
HCM 2875	the chapter-house at Hereford	Other
HCM 3180	the chapter-house at Hereford	Other
HCM 3198	the chapter-house at Hereford	Other
HCM 432	the chapter-house at Hereford	Given at
HCM 1754	the chapter-house at Worcester,	Other
HCM 3001	the chapter-house of the said church	Other
HCM 1442	the chapter-house the cathedral church of London	Other
HCM 2072	the chapter of Hereford	Other
HCM 2096	the chapter of Hereford	Other
HCM 2159	the chapter of Hereford	Other
HCM 1417	the chapter of the greater church of Hereford	Given at
HCM 2226	the church	Other
HCM 608	the church lane leading towards Werham	Other
HCM 2875	the church of Dudelebur'	Other
HCM 2226	the church of Dunre	Other
HCM 1506	the church of Lanleweny	Other
HCM 1503	the church of Saint Ismael	Other
HCM 1504	the church of Saint Ismael	Other
HCM 1505	the church of Saint Ismael	Other
HCM 1506	the church of Saint Ismael	Other
HCM 181	the church of St. Ethelbert of Hereford	Other
HCM 186	the church of St. Ethelbert of Hereford	Other
HCM 2059	the church of St. Ethelbert of Hereford	Other
HCM 2096	the church of St. Ethelbert of Hereford	Other
HCM 2145	the church of St. Ethelbert of Hereford	Other
HCM 2251	the church of St. Ethelbert of Hereford	Other
HCM 2260	the church of St. Ethelbert of Hereford	Other
HCM 2537	the church of St. Ethelbert of Hereford	Other
HCM 2593	the church of St. Ethelbert of Hereford	Other
HCM 2714	the church of St. Ethelbert of Hereford	Other
HCM 2720	the church of St. Ethelbert of Hereford	Other
HCM 2779	the church of St. Ethelbert of Hereford	Other
HCM 3198	the church of St. Ethelbert of Hereford	Other
HCM 2217	the church of St. Gundley in Newport (in novo burgo) in the diocese of Llandaff	Other
HCM 1780	the church of the Blessed Mary of the Arches, London	Other
HCM 1063	the church of Woluyuehop	Other
HCM 1489	the common bakehouse of the dean and chapter at Hereford	Other
HCM 1622	the common of the monastery of Gloucester,	Other
HCM 1581	the convent of St, Peter'	Other
HCM 1683	the convent of St, Peter'	Other
HCM 1746	the convent of St. Peter's, Gloucester	Other
HCM 1169	the convent of the same place	Other
HCM 1703	the field of Turford	Other
HCM 2463	the fields of Pencoyt	Other
HCM 1703	the field towards Wulferton'	Other
HCM 2159	the forest of Dene	Other
HCM 181	the gate called Westyate	Other
HCM 1752	thehale	Nominative
HCM 1169	the highway	Other
HCM 1918	the highway	Other
HCM 2096	the highway	Other
HCM 2096	the highway called Fouleslough	Other
HCM 608	the highway which leads towards Breyntone	Other
HCM 608	the highway which leads towards Werham	Other
HCM 2599	the Holy Land	Other
HCM 2721	the Holy Land	Other
HCM 2722	the Holy Land	Other
HCM 2723	the Holy Land	Other
HCM 1734	the Hospital of the Blessed Katherine at Ledbury	Other
HCM 2871	the house of the dean of St. Paul's, London	Other
HCM 2096	the house of the lepers of Yeygne	Other
HCM 2251	their church	Other
HCM 1736	the king's court at Westuinster	Other
HCM 1169	the land formerly of William Ploume	Other
HCM 1169	the land of Giles le deyare	Other
HCM 1169	the land of John Pryde	Other
HCM 1169	the land of John Throm	Other
HCM 1169	the land of Reginald Syward	Other
HCM 1169	the land of the dean and chapter of Hereford	Other
HCM 1169	the land of the prebend of Gorewalle	Other
HCM 1169	the land of the said dominus Hugh	Other
HCM 1169	the land of Thomas Theobaud	Other
HCM 1169	the land which belonged to John Lylie	Other
HCM 1169	the land which belonged to Thomas Theobaud	Other
HCM 1169	the land which belonged to William Ploume	Other
HCM 1622	the manor-house of Culn’ Roger	Other
HCM 1169	the monastery of Lanthon' Prima of the diocese of St. Davids	Other
HCM 2093	the monastery of St. James of Wiggemore in the diocese of Hereford	Other
HCM 1581	the monastery of St. Peter	Other
HCM 2217	the monastery of St. Peter's, Gloucester	Other
HCM 1506	the parish church of Saint Peter at Kermerdin	Other
HCM 1169	the pasture of the bishop of Hereford	Other
HCM 1169	the pasture of the bishops two acres lay in Gaerlecroft	Other
HCM 1505	the Priory of Kedewelly	Other
HCM 2260	the province of Canterbury	Other
HCM 2996	the Roman court	Other
HCM 2096	the said church	Other
HCM 2872	the said church	Other
HCM 608	the said highway	Other
HCM 1247	the same	Nominative
HCM 3001	the same church	Given at
HCM 1751	the way called Folkestret	Other
HCM 593	the way called le Grenewey	Other
HCM 1931	Thonderlee	Given at
HCM 589	Thornbury	Nominative
HCM 3001	Thornhagh'	Nominative
HCM 758	Thornhagh'	Nominative
HCM 1622	Todeworth	Nominative
HCM 1658	Tolyscroft	Other
HCM 773	Torbervile	Nominative
HCM 383	Tornour	Nominative
HCM 1768	Trayn Mawr	Other
HCM 1523	Traynmeybon Meurik'	Other
HCM 1736	Trikingham	Nominative
HCM 773	Trilleck	Nominative
HCM 1441	Tulliam prison	Other
HCM 678	Turbeuill	Nominative
HCM 1703	Turford	Given at
HCM 1703	Turford	Nominative
HCM 1703	Turford	Other
HCM 2876	two acres of land	Other
HCM 1751	Underdoune.	Nominative
HCM 755	Upton’	Nominative
HCM 3001	Vaison	Other
HCM 1658	Valence	Nominative
HCM 1366	Vienne	Other
HCM 1367	Vienne	Nominative
HCM 1247	Vincula	Other
HCM 209	Waddeleye	Nominative
HCM 1752	Waleneye	Other
HCM 2597	Wales	Other
HCM 2598	Wales	Other
HCM 2599	Wales	Other
HCM 2600	Wales	Other
HCM 2717	Wales	Other
HCM 2721	Wales	Other
HCM 2722	Wales	Other
HCM 2723	Wales	Other
HCM 678	Waltone	Nominative
HCM 1622	Wanetyng	Nominative
HCM 2586	Warewyk	Nominative
HCM 2592	Warewyk	Nominative
HCM 608	Waye	Other
HCM 1658	weir (gurges)	Other
HCM 207	Welbeton	Nominative
HCM 773	Welintone	Nominative
HCM 1489	Welynton'	Nominative
HCM 2873	Welynton'	Nominative
HCM 174	Werham	Nominative
HCM 608	Werham	Other
HCM 609	Werham	Other
HCM 608	Werhameshelde	Other
HCM 1658	Wersefordia	Other
HCM 1065	Westminster	Other
HCM 1367	Westminster	Other
HCM 1621	Westminster	Other
HCM 1736	Westminster	Given at
HCM 1854	Westminster	Given at
HCM 1929	Westminster	Given at
HCM 1930	Westminster	Given at
HCM 2674	Westminster	Given at
HCM 2880	Westminster	Given at
HCM 1313	Weston	Nominative
HCM 1621	Weston	Nominative
HCM 1734	Weston	Nominative
HCM 1768	Weston	Nominative
HCM 209	Westyate	Other
HCM 2597	Whitteneye	Nominative
HCM 2093	Wiggemore	Nominative
HCM 3001	Wilton	Nominative
HCM 1077	Winchester	Other
HCM 1851	Winchester	Nominative
HCM 2947.G	Windsor	Given at
HCM 564	Wodefeld	Other
HCM 608	Woluarchysgreue(?)	Other
HCM 1063	Woluyuehop	Other
HCM 1441	Worcester	Nominative
HCM 1754	Worcester	Given at
HCM 1754	Worcester	Nominative
HCM 207	Wormbrugg	Nominative
HCM 209	Wormele	Nominative
HCM 680	Wormetone	Nominative
HCM 681	Wormetone	Other
HCM 1752	Wronhthale	Other
HCM 1703	Wulferton	Other
HCM 209	Wycombe	Nominative
HCM 2876	Wydemarsmore	Nominative
HCM 1974	Wydemarstrete	Other
HCM 1974	Wydemarstrete	Other
HCM 746	Wydemers	Other
HCM 1247	Wye	Other
HCM 773	Wye	Other
HCM 2593	Wygemore	Nominative
HCM 186	Wyghtfeld	Nominative
HCM 1621	Wygorn'	Nominative
HCM 1657	Wyke	Nominative
HCM 1417	Wykewane	Nominative
HCM 2096	Wykewane	Nominative
HCM 1003	Wynchecoumbe	Nominative
HCM 559	Wyndmulnehul	Other
HCM 773	Wynestone	Other
HCM 2059	Wythfeld	Nominative
HCM 2874	Wythfeld	Nominative
HCM 1264	Wythynton	Nominative
HCM 1265	Wythynton	Nominative
HCM 1281	Wythynton	Nominative
HCM 2721	Wytteney	Nominative
HCM 2722	Wytteney	Nominative
HCM 1834	Yaneworth'	Nominative
HCM 1836	Yaneworth'	Nominative
HCM 1848	Yaneworth'	Nominative
HCM 2723	Yaneworth'	Nominative
HCM 589	Yeddefen loges	Other
HCM 2096	Yeygne	Nominative
HCM 1441	York	Nominative
HCM 3001	York	Nominative
HCM 3155	York	Other
HCM 3165	York	Other
HCM 758	York	Nominative
